eta_tt,eta_final,eta_final_od,eta_final_od_new,eta_final_opt,delta_eta_optimize,delta_eta_optimize_normalized,eta_opt,eta_opt_normalized,func_optimize
90.24440541569605,0.886527792731086,0.8673257884411606,0.8695743875312328,1.1279962209863104,0.01695340519985311,1.0,1.1279962209863104,1.0,
90.42220339597739,0.8882744145885275,0.8695251294137186,0.8717851616923484,1.1257782320154146,0.016489252896179085,0.5841829695224425,1.1257782320154146,0.0,
90.24440541569605,0.886527792731086,0.8673257884411606,0.8697391592043761,1.1279962209863104,0.016788633526709895,0.8523870994695123,1.1279962209863104,1.0,
90.42220339597739,0.8882744145885275,0.8695251294137186,0.87195077232926,1.1257782320154146,0.016323642259267523,0.4358184721129337,1.1257782320154146,0.0,
90.24440541569605,0.886527792731086,0.8673257884411606,0.8702231725894995,1.1279962209863104,0.0163046201415864,0.41877725433818813,1.1279962209863104,1.0,
90.42220339597739,0.8882744145885275,0.8695251294137186,0.8724372510758919,1.1257782320154146,0.015837163512635644,0.0,1.1257782320154146,0.0,
