T_3_od,rho_3_od,P_3_od,alpha_3_od,beta_2_od,flow_coeff_2_od,incidence_2,incidence_off,v_2_od,C_w_3_od,C_a_3_od,U_mean_od,flow_coeff_3_od,work_od_cw,work_od_vw,M_2_rel_od,M_3_rel_od
998.3848552709674,1.4137586871116343,405.09340025714624,32.10065085120203,36.24702094347053,0.5309134429887935,8.598439944350087,6.598439944350087,216.81408279072585,166.71875755283958,265.76576576576576,329.3478723604468,0.806945446044676,205599.29485508375,205599.29485508375,0.32902113102793573,0.9104886821858835
998.3848552709674,1.4137586871116343,405.09340025714624,32.10065085120203,36.24702094347053,0.5309134429887935,8.598439944350087,6.598439944350087,216.81408279072585,166.71875755283958,265.76576576576576,329.3478723604468,0.806945446044676,205599.29485508375,205599.29485508375,0.32902113102793573,0.9104886821858835
998.3848552709674,1.4137586871116343,405.09340025714624,32.10065085120203,36.24702094347053,0.5309134429887935,8.598439944350087,5.598439944350087,216.81408279072585,166.71875755283958,265.76576576576576,329.3478723604468,0.806945446044676,205599.29485508375,205599.29485508375,0.32902113102793573,0.9104886821858835
998.3848552709674,1.4137586871116343,405.09340025714624,32.10065085120203,36.24702094347053,0.5309134429887935,8.598439944350087,5.598439944350087,216.81408279072585,166.71875755283958,265.76576576576576,329.3478723604468,0.806945446044676,205599.29485508375,205599.29485508375,0.32902113102793573,0.9104886821858835
998.3848552709674,1.4137586871116343,405.09340025714624,32.10065085120203,36.24702094347053,0.5309134429887935,8.598439944350087,4.598439944350087,216.81408279072585,166.71875755283958,265.76576576576576,329.3478723604468,0.806945446044676,205599.29485508375,205599.29485508375,0.32902113102793573,0.9104886821858835
998.3848552709674,1.4137586871116343,405.09340025714624,32.10065085120203,36.24702094347053,0.5309134429887935,8.598439944350087,4.598439944350087,216.81408279072585,166.71875755283958,265.76576576576576,329.3478723604468,0.806945446044676,205599.29485508375,205599.29485508375,0.32902113102793573,0.9104886821858835
