eta_tt,eta_final,eta_final_od,eta_final_od_new,eta_final_opt,delta_eta_optimize,delta_eta_optimize_normalized,eta_opt,eta_opt_normalized,func_optimize
90.469852633985,0.888335744036824,0.8711405593799084,0.8730592991479637,1.125700509872253,0.015276444888860374,1.0,1.125700509872253,1.0,
90.48551246458163,0.8884895100357677,0.871333677287976,0.8732532687953529,1.1255056910685903,0.015236241240414783,0.9602304040016207,1.1255056910685903,0.6764318825139137,
90.50104359696182,0.8886420123294821,0.8715252266164089,0.8734456631320648,1.1253125399491348,0.015196349197417303,0.9207690492515215,1.1253125399491348,0.355633566655451,
90.51826747611553,0.8888111359331771,0.8717376746008145,0.8736590485358694,1.1250984146931102,0.015152087397307668,0.8769851147933485,1.1250984146931102,0.0,
90.469852633985,0.888335744036824,0.8711405593799084,0.8739446384286877,1.125700509872253,0.014391105608136279,0.12421914733577236,1.125700509872253,1.0,
90.48551246458163,0.8884895100357677,0.871333677287976,0.874139001715171,1.1255056910685903,0.0143505083205967,0.08406016210675574,1.1255056910685903,0.6764318825139137,
90.50104359696182,0.8886420123294821,0.8715252266164089,0.8743317865805801,1.1253125399491348,0.014310225748902061,0.04421249494193164,1.1253125399491348,0.355633566655451,
90.51826747611553,0.8888111359331771,0.8717376746008145,0.8745456052222538,1.1250984146931102,0.014265530710923291,0.0,1.1250984146931102,0.0,
