K_p_stator,K_s_stator,K_TET_stator,K_stator,K_p_rotor,K_s_rotor,K_TET_rotor,K_rotor,pitch_stator,zweifel_stator,N_stator,pitch_rotor,zweifel_rotor,N_rotor,N_rotor_normalized
0.029908541563081755,0.09706276767044315,0.012132544267254282,0.13910385350077917,0.0316777743466405,0.0863931821691348,0.0065855607548700465,0.12465651727064535,12.76608931696058,0.75,40,40.34684410935763,0.95,48,
0.02847934806225204,0.09706276767044315,0.008401154634976205,0.1339432703676714,0.0316777743466405,0.0863931821691348,0.0065855607548700465,0.12465651727064535,15.319307180352698,0.9,33,40.34684410935763,0.95,48,
0.029908541563081755,0.09706276767044315,0.012132544267254282,0.13910385350077917,0.0316777743466405,0.0863931821691348,0.0065855607548700465,0.12465651727064535,12.76608931696058,0.75,40,40.34684410935763,0.95,48,
0.02847934806225204,0.09706276767044315,0.008401154634976205,0.1339432703676714,0.0316777743466405,0.0863931821691348,0.0065855607548700465,0.12465651727064535,15.319307180352698,0.9,33,40.34684410935763,0.95,48,
0.029908541563081755,0.09706276767044315,0.012132544267254282,0.13910385350077917,0.0316777743466405,0.0863931821691348,0.0065855607548700465,0.12465651727064535,12.76608931696058,0.75,40,40.34684410935763,0.95,48,
0.02847934806225204,0.09706276767044315,0.008401154634976205,0.1339432703676714,0.0316777743466405,0.0863931821691348,0.0065855607548700465,0.12465651727064535,15.319307180352698,0.9,33,40.34684410935763,0.95,48,
