zweifel_stator_NEW,zweifel_rotor_NEW
0.7901853759690259,0.8517344596669699
0.7901853759690259,0.907282359210468
0.8509688664281818,0.8517344596669699
0.8509688664281818,0.907282359210468
0.8509688664281818,0.8517344596669699
0.8509688664281818,0.907282359210468
0.7901853759690259,0.8517344596669699
0.7901853759690259,0.907282359210468
0.8509688664281818,0.8517344596669699
0.8509688664281818,0.907282359210468
0.8509688664281818,0.8517344596669699
0.8509688664281818,0.907282359210468
