eta_tt,eta_final,eta_final_od,eta_final_od_new,eta_final_opt,delta_eta_optimize,delta_eta_optimize_normalized,eta_opt,eta_opt_normalized,func_optimize
91.00979972356036,0.8919643283390299,0.8767320865324341,0.8784425669896776,1.121121067545547,0.013521761349352346,1.0,1.121121067545547,1.0,
91.19020531085738,0.8937324384655302,0.8789132946989474,0.8806323050426778,1.1189031045095812,0.013100133422852434,0.48468150199147764,1.1189031045095812,0.0,
91.00979972356036,0.8919643283390299,0.8767320865324341,0.8785377698744558,1.121121067545547,0.01342655846457419,0.8836419399511289,1.121121067545547,1.0,
91.19020531085738,0.8937324384655302,0.8789132946989474,0.8807279831789326,1.1189031045095812,0.01300445528659755,0.3677425841251538,1.1189031045095812,0.0,
91.00979972356036,0.8919643283390299,0.8767320865324341,0.8788371579336356,1.121121067545547,0.01312717040539435,0.5177264128204244,1.121121067545547,1.0,
91.19020531085738,0.8937324384655302,0.8789132946989474,0.8810288661160475,1.1189031045095812,0.012703572349482717,0.0,1.1189031045095812,0.0,
