T_3_od,rho_3_od,P_3_od,alpha_3_od,beta_2_od,flow_coeff_2_od,incidence_2,incidence_off,v_2_od,C_w_3_od,C_a_3_od,U_mean_od,flow_coeff_3_od,work_od_cw,work_od_vw,M_2_rel_od,M_3_rel_od
1001.4648967800023,1.4268836658761077,410.1155102079783,20.782958635612843,39.033284856517334,0.5798832324882854,7.270106520363981,5.270106520363981,252.6025861132625,107.2468884827901,282.5825825825826,338.3727727044629,0.83512210608444,204614.56873464517,204614.56873464517,0.38616605954188427,0.8523740455453261
1001.4648967800023,1.4268836658761077,410.1155102079783,20.782958635612843,39.033284856517334,0.5798832324882854,7.270106520363981,5.270106520363981,252.6025861132625,107.2468884827901,282.5825825825826,338.3727727044629,0.83512210608444,204614.56873464517,204614.56873464517,0.38616605954188427,0.8523740455453261
1001.4648967800023,1.4268836658761077,410.1155102079783,20.782958635612843,39.033284856517334,0.5798832324882854,7.270106520363981,4.270106520363981,252.6025861132625,107.2468884827901,282.5825825825826,338.3727727044629,0.83512210608444,204614.56873464517,204614.56873464517,0.38616605954188427,0.8523740455453261
1001.4648967800023,1.4268836658761077,410.1155102079783,20.782958635612843,39.033284856517334,0.5798832324882854,7.270106520363981,4.270106520363981,252.6025861132625,107.2468884827901,282.5825825825826,338.3727727044629,0.83512210608444,204614.56873464517,204614.56873464517,0.38616605954188427,0.8523740455453261
1001.4648967800023,1.4268836658761077,410.1155102079783,20.782958635612843,39.033284856517334,0.5798832324882854,7.270106520363981,3.2701065203639814,252.6025861132625,107.2468884827901,282.5825825825826,338.3727727044629,0.83512210608444,204614.56873464517,204614.56873464517,0.38616605954188427,0.8523740455453261
1001.4648967800023,1.4268836658761077,410.1155102079783,20.782958635612843,39.033284856517334,0.5798832324882854,7.270106520363981,3.2701065203639814,252.6025861132625,107.2468884827901,282.5825825825826,338.3727727044629,0.83512210608444,204614.56873464517,204614.56873464517,0.38616605954188427,0.8523740455453261
